seq,epoch_start,t_rel_s,latency_ms,status,ok,error
1,1788578926.575,0.0,1002.2,200,True,
2,1788578926.575,0.0,1019.72,200,True,
3,1788578926.575,0.0,1023.98,200,True,
4,1788578926.575,0.0,1028.1,200,True,
5,1788578926.575,0.0,2028.83,200,True,
6,1788578926.575,0.0,2036.03,200,True,
7,1788578926.575,0.0,2130.11,200,True,
8,1788578926.575,0.0,2134.14,200,True,
9,1788578926.575,0.0,3045.76,200,True,
10,1788578927.577,1.002,2139.77,200,True,
11,1788578926.575,0.0,3217.9,200,True,
12,1788578926.575,0.0,3224.81,200,True,
13,1788578927.603,1.028,3031.49,200,True,
14,1788578927.599,1.024,3125.73,200,True,
15,1788578926.575,0.0,4237.15,200,True,
16,1788578927.594,1.02,3227.72,200,True,
17,1788578928.604,2.029,3033.71,200,True,
18,1788578929.793,3.218,2017.9,200,True,
19,1788578928.705,2.13,3204.04,200,True,
20,1788578928.611,2.036,3316.06,200,True,
21,1788578928.709,2.134,3933.35,200,True,
22,1788578930.724,4.15,2188.8,200,True,
23,1788578930.812,4.237,2102.7,200,True,
24,1788578929.621,3.046,3407.47,200,True,
25,1788578929.717,3.142,3923.1,200,True,
26,1788578931.811,5.236,2103.07,200,True,
27,1788578930.822,4.247,3193.99,200,True,
28,1788578929.8,3.225,4234.24,200,True,
29,1788578930.634,4.06,3995.22,200,True,
30,1788578933.028,6.453,1885.38,200,True,
31,1788578933.914,7.339,1098.53,200,True,
32,1788578931.637,5.063,3403.53,200,True,
33,1788578931.909,5.334,3724.62,200,True,
34,1788578934.63,8.055,1293.59,200,True,
35,1788578931.927,5.352,4112.16,200,True,
36,1788578934.913,8.339,1192.29,200,True,
37,1788578932.642,6.067,3993.39,200,True,
38,1788578935.012,8.437,1990.02,200,True,
39,1788578932.913,6.339,4201.76,200,True,
40,1788578935.634,9.059,1567.13,200,True,
41,1788578932.915,6.34,4720.77,200,True,
42,1788578935.923,9.348,2177.07,200,True,
43,1788578936.106,9.531,2011.79,200,True,
44,1788578933.64,7.065,4571.89,200,True,
45,1788578934.016,7.441,4691.48,200,True,
46,1788578938.212,11.637,497.47,200,True,
47,1788578934.034,7.459,5172.83,200,True,
48,1788578939.207,12.632,486.91,200,True,
49,1788578935.041,8.466,4762.35,200,True,
50,1788578936.039,9.464,4170.51,200,True,
51,1788578936.636,10.061,4161.12,200,True,
52,1788578937.002,10.427,4196.23,200,True,
53,1788578937.115,10.54,4690.68,200,True,
54,1788578937.201,10.626,4989.65,200,True,
55,1788578941.806,15.231,470.91,200,True,
56,1788578937.635,11.061,5162.82,200,True,
57,1788578942.19,15.616,1068.04,200,True,
58,1788578938.1,11.525,5173.79,200,True,
59,1788578942.277,15.702,1087.6,200,True,
60,1788578938.117,11.543,5664.91,200,True,
61,1788578938.708,12.133,5567.02,200,True,
62,1788578943.258,16.684,1095.92,200,True,
63,1788578942.798,16.223,1560.77,200,True,
64,1788578938.709,12.134,6050.5,200,True,
65,1788578939.694,13.119,5569.44,200,True,
66,1788578943.364,16.789,1984.62,200,True,
67,1788578943.274,16.699,2170.94,200,True,
68,1788578939.803,13.228,5962.43,200,True,
69,1788578940.21,13.635,6047.18,200,True,
70,1788578943.782,17.208,2650.01,200,True,
71,1788578944.275,17.7,2171.17,200,True,
72,1788578940.797,14.222,6054.49,200,True,
73,1788578941.198,14.624,5939.2,200,True,
74,1788578944.354,17.78,2987.42,200,True,
75,1788578944.359,17.784,3169.89,200,True,
76,1788578947.342,20.767,788.78,200,True,
77,1788578947.529,20.954,796.85,200,True,
78,1788578944.76,18.185,3571.33,200,True,
79,1788578945.263,18.688,3269.43,200,True,
80,1788578948.331,21.756,786.89,200,True,
81,1788578948.532,21.958,814.49,200,True,
82,1788578945.349,18.774,4049.44,200,True,
83,1788578945.445,18.87,4169.43,200,True,
84,1788578949.398,22.824,469.42,200,True,
85,1788578945.766,19.191,4538.46,200,True,
86,1788578949.868,23.293,502.12,200,True,
87,1788578946.257,19.682,4444.17,200,True,
88,1788578950.701,24.126,440.93,200,True,
89,1788578946.432,19.858,4953.38,200,True,
90,1788578946.446,19.871,5326.79,200,True,
91,1788578951.142,24.567,760.34,200,True,
92,1788578951.386,24.811,799.17,200,True,
93,1788578946.851,20.276,5527.67,200,True,
94,1788578947.138,20.563,5640.92,200,True,
95,1788578952.185,25.61,800.1,200,True,
96,1788578952.379,25.804,910.51,200,True,
97,1788578948.13,21.556,5324.96,200,True,
98,1788578952.985,26.41,695.64,200,True,
99,1788578948.326,21.751,5441.72,200,True,
100,1788578953.681,27.106,497.22,200,True,
101,1788578949.118,22.543,5332.5,200,True,
102,1788578949.347,22.772,5405.59,200,True,
103,1788578954.178,27.603,696.33,200,True,
104,1788578949.614,23.04,5832.47,200,True,
105,1788578954.45,27.876,1091.04,200,True,
106,1788578950.304,23.729,5528.93,200,True,
107,1788578954.753,28.178,1186.32,200,True,
108,1788578950.37,23.795,6076.63,200,True,
109,1788578954.874,28.299,1690.95,200,True,
110,1788578951.773,25.198,5084.67,200,True,
111,1788578955.939,29.364,1027.06,200,True,
112,1788578956.565,29.99,726.64,200,True,
113,1788578951.902,25.327,5558.25,200,True,
114,1788578952.779,26.204,5176.5,200,True,
115,1788578953.289,26.715,5184.65,200,True,
116,1788578953.455,26.881,5522.95,200,True,
117,1788578958.978,32.404,509.01,200,True,
118,1788578953.767,27.193,5799.46,200,True,
119,1788578955.447,28.872,4534.08,200,True,
120,1788578959.487,32.913,888.49,200,True,
121,1788578955.541,28.967,4949.97,200,True,
122,1788578959.567,32.992,934.3,200,True,
123,1788578955.833,29.258,5257.13,200,True,
124,1788578959.981,33.406,1322.5,200,True,
125,1788578956.446,29.872,5041.97,200,True,
126,1788578960.376,33.801,1208.6,200,True,
127,1788578956.857,30.283,5319.38,200,True,
128,1788578960.491,33.917,1810.4,200,True,
129,1788578956.966,30.391,5607.39,200,True,
130,1788578960.501,33.926,2088.69,200,True,
131,1788578957.292,30.717,5893.85,200,True,
132,1788578961.09,34.515,2209.82,200,True,
133,1788578957.46,30.886,6106.44,200,True,
134,1788578961.303,34.729,2483.62,200,True,
135,1788578957.955,31.38,6317.96,200,True,
136,1788578961.488,34.914,2904.0,200,True,
137,1788578958.474,31.899,5996.99,200,True,
138,1788578961.584,35.01,3303.98,200,True,
139,1788578962.177,35.602,3214.77,200,True,
140,1788578965.391,38.817,414.33,200,True,
141,1788578962.302,35.727,3586.3,200,True,
142,1788578962.573,35.999,4001.1,200,True,
143,1788578965.806,39.231,980.47,200,True,
144,1788578962.59,36.015,4303.43,200,True,
145,1788578965.888,39.313,1069.64,200,True,
146,1788578963.186,36.611,4304.91,200,True,
147,1788578966.786,40.212,1080.31,200,True,
148,1788578966.893,40.319,981.42,200,True,
149,1788578963.3,36.725,4672.78,200,True,
150,1788578963.567,36.992,4996.17,200,True,
151,1788578966.958,40.383,1909.69,200,True,
152,1788578963.787,37.212,5181.07,200,True,
153,1788578967.491,40.916,1565.0,200,True,
154,1788578964.273,37.698,5285.96,200,True,
155,1788578967.867,41.292,2075.83,200,True,
156,1788578964.392,37.818,5665.56,200,True,
157,1788578968.867,42.293,1282.4,200,True,
158,1788578964.471,37.896,6081.22,200,True,
159,1788578969.559,42.984,1396.11,200,True,
160,1788578964.888,38.314,6165.49,200,True,
161,1788578970.15,43.575,1095.29,200,True,
162,1788578966.574,40.0,5064.18,200,True,
163,1788578970.955,44.38,768.89,200,True,
164,1788578967.875,41.3,4158.94,200,True,
165,1788578967.973,41.398,4658.29,200,True,
166,1788578968.563,41.988,4473.73,200,True,
167,1788578972.631,46.056,505.28,200,True,
168,1788578968.968,42.393,4667.11,200,True,
169,1788578969.056,42.481,4971.12,200,True,
170,1788578973.037,46.462,990.97,200,True,
171,1788578973.136,46.562,1078.43,200,True,
172,1788578969.942,43.368,4771.05,200,True,
173,1788578973.635,47.06,1381.77,200,True,
174,1788578970.058,43.483,4972.04,200,True,
175,1788578974.027,47.452,1289.22,200,True,
176,1788578970.552,43.978,5260.58,200,True,
177,1788578974.028,47.453,1979.38,200,True,
178,1788578971.054,44.479,5048.75,200,True,
179,1788578974.215,47.64,2184.21,200,True,
180,1788578971.245,44.67,5562.75,200,True,
181,1788578974.713,48.139,2274.49,200,True,
182,1788578971.639,45.064,5452.87,200,True,
183,1788578975.017,48.442,2462.02,200,True,
184,1788578971.724,45.149,6069.44,200,True,
185,1788578975.03,48.455,2944.89,200,True,
186,1788578972.034,45.459,5952.91,200,True,
187,1788578975.316,48.741,3163.68,200,True,
188,1788578975.813,49.238,3247.13,200,True,
189,1788578979.06,52.485,465.68,200,True,
190,1788578976.007,49.432,3552.08,200,True,
191,1788578979.559,52.984,490.75,200,True,
192,1788578976.103,49.528,3947.23,200,True,
193,1788578976.399,49.824,4240.7,200,True,
194,1788578980.05,53.475,980.42,200,True,
195,1788578976.808,50.233,4241.94,200,True,
196,1788578980.05,53.475,1091.96,200,True,
197,1788578976.988,50.413,4744.01,200,True,
198,1788578977.091,50.517,4946.06,200,True,
199,1788578980.64,54.065,1498.05,200,True,
200,1788578981.03,54.456,1110.93,200,True,
201,1788578981.142,54.567,1510.83,200,True,
202,1788578977.479,50.904,5338.11,200,True,
203,1788578977.793,51.219,5318.33,200,True,
204,1788578982.817,56.242,700.64,200,True,
205,1788578983.112,56.537,728.94,200,True,
206,1788578977.975,51.4,5930.2,200,True,
207,1788578977.987,51.412,6136.95,200,True,
208,1788578983.905,57.33,443.94,200,True,
209,1788578984.124,57.549,614.03,200,True,
210,1788578978.48,51.905,6515.25,200,True,
211,1788578979.526,52.951,5659.25,200,True,
212,1788578984.738,58.163,521.04,200,True,
213,1788578985.185,58.61,445.36,200,True,
214,1788578984.349,57.774,1383.75,200,True,
215,1788578984.995,58.42,849.44,200,True,
216,1788578981.05,54.475,4950.09,200,True,
217,1788578985.63,59.056,527.72,200,True,
218,1788578981.732,55.157,4447.61,200,True,
219,1788578985.844,59.27,510.59,200,True,
220,1788578985.733,59.158,630.44,200,True,
221,1788578986.355,59.78,513.77,200,True,
222,1788578986.0,59.425,966.81,200,True,
223,1788578982.037,55.463,5067.89,200,True,
224,1788578982.138,55.563,5058.64,200,True,
225,1788578987.105,60.531,454.91,200,True,
226,1788578986.869,60.294,943.52,200,True,
227,1788578986.967,60.392,1046.91,200,True,
228,1788578982.141,55.567,6063.87,200,True,
229,1788578982.653,56.078,5570.47,200,True,
230,1788578988.014,61.439,806.39,200,True,
231,1788578987.196,60.622,1655.37,200,True,
232,1788578987.56,60.986,1406.86,200,True,
233,1788578988.205,61.63,822.33,200,True,
234,1788578988.82,62.245,458.8,200,True,
235,1788578983.518,56.943,5795.21,200,True,
236,1788578983.841,57.266,5476.21,200,True,
237,1788578987.812,61.237,2118.74,200,True,
238,1788578988.967,62.392,1002.78,200,True,
239,1788578989.313,62.738,948.58,200,True,
240,1788578989.317,62.742,968.58,200,True,
241,1788578985.259,58.684,5155.14,200,True,
242,1788578986.158,59.583,4258.64,200,True,
243,1788578989.931,63.356,636.63,200,True,
244,1788578990.414,63.839,571.69,200,True,
245,1788578990.262,63.687,835.17,200,True,
246,1788578989.97,63.395,1300.51,200,True,
247,1788578990.417,63.842,914.54,200,True,
248,1788578990.285,63.711,1068.42,200,True,
249,1788578986.363,59.788,5061.59,200,True,
250,1788578986.18,59.605,5330.18,200,True,
251,1788578990.985,64.411,748.9,200,True,
252,1788578991.097,64.522,701.06,200,True,
253,1788578991.27,64.696,921.02,200,True,
254,1788578990.568,63.993,1626.86,200,True,
255,1788578991.798,65.223,661.53,200,True,
256,1788578991.331,64.756,1169.35,200,True,
257,1788578988.223,61.648,4289.43,200,True,
258,1788578988.852,62.277,3673.88,200,True,
259,1788578991.354,64.779,1521.33,200,True,
260,1788578992.191,65.617,901.11,200,True,
261,1788578991.734,65.16,1459.38,200,True,
262,1788578991.425,64.85,1847.91,200,True,
263,1788578989.027,62.453,4492.91,200,True,
264,1788578989.279,62.704,4266.26,200,True,
265,1788578992.501,65.926,1075.55,200,True,
266,1788578992.194,65.62,1399.71,200,True,
267,1788578991.51,64.935,2368.32,200,True,
268,1788578993.093,66.518,989.4,200,True,
269,1788578992.459,65.885,1768.42,200,True,
270,1788578992.513,65.938,1717.14,200,True,
271,1788578993.273,66.698,1281.85,200,True,
272,1788578992.526,65.951,2064.44,200,True,
273,1788578992.875,66.3,2155.86,200,True,
274,1788578993.545,66.97,1538.92,200,True,
275,1788578993.194,66.619,2028.05,200,True,
276,1788578993.52,66.946,1707.51,200,True,
277,1788578993.576,67.001,1973.2,200,True,
278,1788578995.084,68.509,525.37,200,True,
279,1788578993.594,67.019,2034.45,200,True,
280,1788578993.878,67.303,2144.4,200,True,
281,1788578994.59,68.015,1485.31,200,True,
282,1788578994.228,67.653,1996.82,200,True,
283,1788578994.082,67.507,2185.14,200,True,
284,1788578995.609,69.035,902.48,200,True,
285,1788578995.222,68.647,1346.19,200,True,
286,1788578995.031,68.456,1597.13,200,True,
287,1788578995.629,69.054,1084.54,200,True,
288,1788578994.23,67.655,2788.26,200,True,
289,1788578996.022,69.448,1119.73,200,True,
290,1788578995.228,68.653,2086.68,200,True,
291,1788578994.555,67.98,2795.22,200,True,
292,1788578996.225,69.65,1244.68,200,True,
293,1788578996.075,69.501,1434.28,200,True,
294,1788578995.549,68.975,2029.6,200,True,
295,1788578996.568,69.993,1228.84,200,True,
296,1788578996.267,69.692,1675.13,200,True,
297,1788578996.628,70.053,1511.8,200,True,
298,1788578997.018,70.443,1300.93,200,True,
299,1788578996.713,70.138,1728.79,200,True,
300,1788578997.469,70.894,1034.97,200,True,
301,1788578996.512,69.937,1999.66,200,True,
302,1788578997.35,70.775,1259.52,200,True,
303,1788578997.579,71.004,1311.1,200,True,
304,1788578997.142,70.567,1800.54,200,True,
305,1788578998.319,71.744,896.19,200,True,
306,1788578997.51,70.935,1735.56,200,True,
307,1788578997.797,71.222,1476.51,200,True,
308,1788578998.14,71.565,1210.14,200,True,
309,1788578997.315,70.74,2228.21,200,True,
310,1788578997.942,71.367,1759.67,200,True,
311,1788578999.35,72.775,468.86,200,True,
312,1788578998.943,72.368,890.99,200,True,
313,1788578998.442,71.867,1778.83,200,True,
314,1788578998.504,71.929,1796.45,200,True,
315,1788578999.819,73.244,503.66,200,True,
316,1788578998.89,72.315,1451.19,200,True,
317,1788578998.512,71.937,2177.03,200,True,
318,1788579000.221,73.646,919.53,200,True,
319,1788579000.323,73.748,916.12,200,True,
320,1788578999.273,72.699,2038.56,200,True,
321,1788578999.245,72.67,2086.1,200,True,
322,1788578998.609,72.035,2750.93,200,True,
323,1788578999.215,72.64,2441.8,200,True,
324,1788579000.341,73.766,1773.06,200,True,
325,1788579001.36,74.785,890.24,200,True,
326,1788578999.543,72.968,2739.5,200,True,
327,1788579001.312,74.737,1018.99,200,True,
328,1788578999.702,73.127,2632.3,200,True,
329,1788578999.834,73.259,2814.64,200,True,
330,1788579002.114,75.539,833.72,200,True,
331,1788579001.331,74.757,1693.24,200,True,
332,1788579002.251,75.676,1015.43,200,True,
333,1788579000.301,73.726,3032.12,200,True,
334,1788579002.648,76.074,754.6,200,True,
335,1788579000.689,74.114,2944.68,200,True,
336,1788579003.333,76.758,442.62,200,True,
337,1788579002.282,75.708,1677.58,200,True,
338,1788579001.14,74.565,3130.31,200,True,
339,1788579002.331,75.756,2011.13,200,True,
340,1788579003.96,77.385,441.57,200,True,
341,1788579001.239,74.664,3388.37,200,True,
342,1788579004.271,77.696,440.54,200,True,
343,1788579002.948,76.373,2096.59,200,True,
344,1788579004.711,78.136,448.54,200,True,
345,1788579001.657,75.082,3655.2,200,True,
346,1788579003.403,76.828,1926.17,200,True,
347,1788579002.334,75.759,3280.81,200,True,
348,1788579005.16,78.585,496.82,200,True,
349,1788579005.615,79.04,468.48,200,True,
350,1788579003.633,77.058,2492.17,200,True,
351,1788579003.775,77.201,2559.94,200,True,
352,1788579003.025,76.45,3415.61,200,True,
353,1788579003.266,76.691,3268.35,200,True,
354,1788579006.083,79.509,499.85,200,True,
355,1788579006.335,79.761,702.99,200,True,
356,1788579004.401,77.827,2716.42,200,True,
357,1788579006.534,79.96,796.28,200,True,
358,1788579004.627,78.052,2792.83,200,True,
359,1788579005.045,78.47,2450.99,200,True,
360,1788579007.118,80.543,442.48,200,True,
361,1788579004.342,77.767,3380.26,200,True,
362,1788579006.125,79.551,1983.24,200,True,
363,1788579007.722,81.147,529.48,200,True,
364,1788579005.312,78.737,3113.13,200,True,
365,1788579007.038,80.464,1466.78,200,True,
366,1788579005.329,78.754,3397.3,200,True,
367,1788579008.109,81.534,1033.59,200,True,
368,1788579007.42,80.845,1783.73,200,True,
369,1788579008.252,81.677,986.34,200,True,
370,1788579007.496,80.921,1998.7,200,True,
371,1788579005.656,79.082,3846.13,200,True,
372,1788579009.204,82.629,506.81,200,True,
373,1788579006.44,79.865,3332.43,200,True,
374,1788579008.505,81.93,1635.35,200,True,
375,1788579009.142,82.567,1113.66,200,True,
376,1788579007.56,80.986,2731.99,200,True,
377,1788579009.238,82.663,1350.29,200,True,
378,1788579006.583,80.009,4012.66,200,True,
379,1788579010.256,83.681,450.62,200,True,
380,1788579007.331,80.756,3555.77,200,True,
381,1788579009.494,82.919,1742.18,200,True,
382,1788579010.14,83.566,1095.98,200,True,
383,1788579009.503,82.928,1864.15,200,True,
384,1788579008.425,81.85,3130.13,200,True,
385,1788579009.773,83.198,1913.97,200,True,
386,1788579008.726,82.152,3255.85,200,True,
387,1788579010.292,83.718,1779.49,200,True,
388,1788579011.236,84.662,879.56,200,True,
389,1788579011.236,84.662,979.75,200,True,
390,1788579010.588,84.014,1737.5,200,True,
391,1788579010.596,84.021,1811.56,200,True,
392,1788579009.711,83.136,2867.8,200,True,
393,1788579012.072,85.497,973.08,200,True,
394,1788579010.707,84.132,2422.45,200,True,
395,1788579011.367,84.792,1829.75,200,True,
396,1788579012.116,85.541,1148.89,200,True,
397,1788579011.555,84.981,1750.8,200,True,
398,1788579011.982,85.408,1333.67,200,True,
399,1788579012.216,85.641,1153.48,200,True,
400,1788579010.886,84.312,2520.8,200,True,
401,1788579013.37,86.795,491.32,200,True,
402,1788579012.408,85.833,1623.9,200,True,
403,1788579011.687,85.112,2510.52,200,True,
404,1788579012.578,86.004,1707.9,200,True,
405,1788579013.045,86.47,1356.54,200,True,
406,1788579013.129,86.554,1300.73,200,True,
407,1788579012.326,85.751,2173.37,200,True,
408,1788579014.197,87.622,452.12,200,True,
409,1788579013.265,86.69,1761.39,200,True,
410,1788579013.861,87.286,1413.34,200,True,
411,1788579014.286,87.711,1005.87,200,True,
412,1788579013.196,86.622,2198.39,200,True,
413,1788579013.306,86.731,2193.12,200,True,
414,1788579014.43,87.855,1106.96,200,True,
415,1788579015.026,88.452,765.93,200,True,
416,1788579015.499,88.925,447.29,200,True,
417,1788579014.499,87.924,1522.57,200,True,
418,1788579013.316,86.741,3157.17,200,True,
419,1788579015.947,89.372,578.41,200,True,
420,1788579016.022,89.447,532.21,200,True,
421,1788579013.407,86.832,3182.69,200,True,
422,1788579015.274,88.7,1370.4,200,True,
423,1788579016.59,90.015,463.16,200,True,
424,1788579015.292,88.717,1842.76,200,True,
425,1788579015.537,88.962,1919.39,200,True,
426,1788579014.031,87.457,3474.65,200,True,
427,1788579014.401,87.827,3202.85,200,True,
428,1788579017.135,90.56,532.52,200,True,
429,1788579017.667,91.093,457.01,200,True,
430,1788579017.604,91.03,568.16,200,True,
431,1788579014.649,88.074,3768.96,200,True,
432,1788579015.395,88.82,3396.82,200,True,
433,1788579015.792,89.217,3605.69,200,True,
434,1788579016.473,89.898,3351.46,200,True,
435,1788579019.398,92.823,479.73,200,True,
436,1788579019.825,93.25,558.04,200,True,
437,1788579016.525,89.95,3896.97,200,True,
438,1788579016.554,89.979,4259.97,200,True,
439,1788579016.645,90.07,4794.68,200,True,
440,1788579021.439,94.865,451.97,200,True,
441,1788579017.053,90.478,4862.13,200,True,
442,1788579021.915,95.34,484.54,200,True,
443,1788579017.456,90.881,4955.72,200,True,
444,1788579017.506,90.931,5518.5,200,True,
445,1788579022.4,95.825,888.15,200,True,
446,1788579018.124,91.55,5214.52,200,True,
447,1788579022.412,95.837,965.42,200,True,
448,1788579023.025,96.45,484.44,200,True,
449,1788579023.509,96.934,502.79,200,True,
450,1788579018.172,91.598,5862.45,200,True,
451,1788579023.339,96.764,943.02,200,True,
452,1788579018.418,91.843,5917.51,200,True,
453,1788579023.377,96.802,1084.35,200,True,
454,1788579024.012,97.437,509.61,200,True,
455,1788579018.792,92.217,6246.2,200,True,
456,1788579024.336,97.761,809.69,200,True,
457,1788579024.035,97.46,1330.18,200,True,
458,1788579019.878,93.303,5547.09,200,True,
459,1788579024.521,97.947,955.05,200,True,
460,1788579024.282,97.707,1196.99,200,True,
461,1788579025.425,98.85,450.1,200,True,
462,1788579020.383,93.808,5649.47,200,True,
463,1788579025.038,98.463,1030.25,200,True,
464,1788579024.462,97.887,1897.12,200,True,
465,1788579020.422,93.847,5970.81,200,True,
466,1788579026.032,99.457,582.38,200,True,
467,1788579025.476,98.902,1179.77,200,True,
468,1788579025.145,98.571,1589.46,200,True,
469,1788579025.365,98.79,1676.3,200,True,
470,1788579020.814,94.239,6282.4,200,True,
471,1788579025.479,98.904,1882.04,200,True,
472,1788579026.359,99.784,1052.66,200,True,
473,1788579021.891,95.317,5601.0,200,True,
474,1788579026.393,99.818,1307.47,200,True,
475,1788579025.875,99.3,1876.55,200,True,
476,1788579023.288,96.713,4530.58,200,True,
477,1788579026.068,99.493,1759.35,200,True,
478,1788579026.614,100.04,1323.35,200,True,
479,1788579026.656,100.081,1692.36,200,True,
480,1788579027.041,100.467,1449.01,200,True,
481,1788579027.096,100.522,1603.39,200,True,
482,1788579027.361,100.786,1493.89,200,True,
483,1788579026.735,100.16,2120.05,200,True,
484,1788579027.492,100.918,1440.29,200,True,
485,1788579028.349,101.774,998.85,200,True,
486,1788579028.49,101.916,938.91,200,True,
487,1788579027.411,100.837,2086.2,200,True,
488,1788579027.7,101.125,1994.18,200,True,
489,1788579028.855,102.28,889.71,200,True,
490,1788579029.347,102.773,452.88,200,True,
491,1788579029.8,103.226,442.36,200,True,
492,1788579029.498,102.923,952.76,200,True,
493,1788579027.751,101.177,2737.69,200,True,
494,1788579027.818,101.244,2878.87,200,True,
495,1788579029.694,103.12,1053.08,200,True,
496,1788579030.45,103.875,557.56,200,True,
497,1788579030.748,104.173,664.02,200,True,
498,1788579029.745,103.17,1691.75,200,True,
499,1788579027.827,101.253,3705.18,200,True,
500,1788579027.938,101.363,3831.02,200,True,
501,1788579030.243,103.668,1577.21,200,True,
502,1788579031.412,104.837,648.32,200,True,
503,1788579031.82,105.245,522.24,200,True,
504,1788579031.769,105.194,718.22,200,True,
505,1788579030.489,103.914,2025.81,200,True,
506,1788579031.436,104.862,1217.41,200,True,
507,1788579028.7,102.125,3967.76,200,True,
508,1788579028.855,102.28,3872.0,200,True,
509,1788579032.342,105.767,839.57,200,True,
510,1788579032.515,105.94,817.3,200,True,
511,1788579032.727,106.152,736.95,200,True,
512,1788579032.654,106.079,990.1,200,True,
513,1788579028.933,102.358,4728.97,200,True,
514,1788579029.429,102.855,4334.86,200,True,
515,1788579033.644,107.069,499.38,200,True,
516,1788579033.764,107.189,447.76,200,True,
517,1788579032.668,106.093,1737.86,200,True,
518,1788579033.182,106.607,1355.62,200,True,
519,1788579030.697,104.122,3960.83,200,True,
520,1788579031.008,104.433,3742.74,200,True,
521,1788579034.143,107.568,993.05,200,True,
522,1788579034.212,107.637,951.76,200,True,
523,1788579034.758,108.183,510.61,200,True,
524,1788579035.136,108.561,558.46,200,True,
525,1788579031.533,104.958,4208.15,200,True,
526,1788579032.06,105.485,3736.84,200,True,
527,1788579034.537,107.963,1510.95,200,True,
528,1788579034.658,108.083,1569.89,200,True,
529,1788579035.797,109.222,431.83,200,True,
530,1788579035.695,109.12,677.01,200,True,
531,1788579036.048,109.474,646.85,200,True,
532,1788579032.487,105.912,4245.01,200,True,
533,1788579036.229,109.654,545.07,200,True,
534,1788579033.332,106.757,3495.88,200,True,
535,1788579035.741,109.166,1371.17,200,True,
536,1788579036.228,109.653,915.55,200,True,
537,1788579036.774,110.199,902.67,200,True,
538,1788579033.464,106.889,4312.89,200,True,
539,1788579036.828,110.253,1015.21,200,True,
540,1788579033.662,107.087,4214.98,200,True,
541,1788579036.695,110.12,1409.34,200,True,
542,1788579036.372,109.797,1834.46,200,True,
543,1788579037.843,111.269,458.72,200,True,
544,1788579037.112,110.537,1553.57,200,True,
545,1788579037.676,111.101,1105.0,200,True,
546,1788579034.405,107.831,4405.79,200,True,
547,1788579035.164,108.589,3704.29,200,True,
548,1788579036.732,110.157,2381.76,200,True,
549,1788579038.666,112.091,487.13,200,True,
550,1788579037.144,110.569,2046.21,200,True,
551,1788579039.19,112.615,467.75,200,True,
552,1788579038.206,111.631,1597.16,200,True,
553,1788579035.268,108.694,4690.42,200,True,
554,1788579037.777,111.202,2304.68,200,True,
555,1788579039.657,113.083,497.88,200,True,
556,1788579037.877,111.302,2329.72,200,True,
557,1788579038.302,111.727,2578.17,200,True,
558,1788579038.781,112.206,2210.71,200,True,
559,1788579038.104,111.53,2895.78,200,True,
560,1788579038.868,112.293,2415.35,200,True,
561,1788579040.992,114.417,441.87,200,True,
562,1788579040.88,114.305,738.32,200,True,
563,1788579039.153,112.578,2525.57,200,True,
564,1788579038.811,112.236,3025.03,200,True,
565,1788579041.0,114.426,942.96,200,True,
566,1788579039.114,112.539,2963.02,200,True,
567,1788579041.618,115.044,513.33,200,True,
568,1788579041.283,114.709,1333.22,200,True,
569,1788579039.803,113.229,3158.17,200,True,
570,1788579042.077,115.502,898.58,200,True,
571,1788579041.678,115.103,1330.38,200,True,
572,1788579042.132,115.557,953.59,200,True,
573,1788579039.959,113.384,3193.23,200,True,
574,1788579042.975,116.401,442.71,200,True,
575,1788579041.836,115.261,1770.02,200,True,
576,1788579040.081,113.507,3935.07,200,True,
577,1788579043.009,116.434,1049.82,200,True,
578,1788579041.943,115.368,2143.13,200,True,
579,1788579043.606,117.031,497.13,200,True,
580,1788579043.152,116.577,1008.76,200,True,
581,1788579040.155,113.581,4056.83,200,True,
582,1788579042.617,116.042,2082.05,200,True,
583,1788579042.962,116.387,1933.02,200,True,
584,1788579040.206,113.632,4838.21,200,True,
585,1788579044.058,117.484,990.91,200,True,
586,1788579044.103,117.529,1012.94,200,True,
587,1788579044.161,117.586,988.53,200,True,
588,1788579041.434,114.859,3809.63,200,True,
589,1788579044.699,118.124,585.26,200,True,
590,1788579044.086,117.512,1520.24,200,True,
591,1788579044.895,118.32,790.88,200,True,
592,1788579045.116,118.542,779.23,200,True,
593,1788579045.049,118.475,864.08,200,True,
594,1788579044.212,117.637,1702.76,200,True,
595,1788579043.085,116.511,3131.42,200,True,
596,1788579045.607,119.032,629.74,200,True,
597,1788579045.243,118.669,1007.23,200,True,
598,1788579043.418,116.843,2902.5,200,True,
599,1788579045.149,118.575,1219.1,200,True,
600,1788579045.915,119.34,556.58,200,True,
601,1788579045.045,118.47,1441.61,200,True,
602,1788579045.913,119.339,920.21,200,True,
603,1788579045.284,118.709,1597.3,200,True,
604,1788579046.217,119.642,910.23,200,True,
605,1788579044.016,117.442,3206.47,200,True,
606,1788579045.896,119.321,1345.5,200,True,
607,1788579045.685,119.111,1592.05,200,True,
608,1788579046.251,119.676,1115.18,200,True,
609,1788579046.369,119.794,1197.61,200,True,
610,1788579047.127,120.552,528.82,200,True,
611,1788579047.241,120.666,449.28,200,True,
612,1788579046.472,119.897,1411.3,200,True,
613,1788579047.366,120.791,559.92,200,True,
614,1788579046.236,119.662,1991.09,200,True,
615,1788579046.321,119.746,1996.31,200,True,
616,1788579046.486,119.911,1899.49,200,True,
617,1788579047.566,120.991,821.54,200,True,
618,1788579046.834,120.259,1650.41,200,True,
619,1788579047.656,121.081,889.27,200,True,
620,1788579046.881,120.306,1720.63,200,True,
621,1788579047.883,121.308,908.54,200,True,
622,1788579047.223,120.648,1694.82,200,True,
623,1788579048.227,121.653,910.97,200,True,
624,1788579048.602,122.027,717.66,200,True,
625,1788579047.69,121.116,1745.97,200,True,
626,1788579047.277,120.703,2333.13,200,True,
627,1788579048.791,122.217,842.94,200,True,
628,1788579048.545,121.97,1106.08,200,True,
629,1788579048.317,121.742,1439.34,200,True,
630,1788579048.388,121.813,1519.05,200,True,
631,1788579047.926,121.351,2017.02,200,True,
632,1788579048.918,122.343,1133.63,200,True,
633,1788579049.138,122.564,988.72,200,True,
634,1788579049.634,123.06,514.78,200,True,
635,1788579049.436,122.862,999.93,200,True,
636,1788579048.386,121.811,2169.45,200,True,
637,1788579050.149,123.574,454.42,200,True,
638,1788579049.319,122.745,1334.74,200,True,
639,1788579049.907,123.332,945.46,200,True,
640,1788579050.436,123.861,526.84,200,True,
641,1788579048.484,121.909,2482.51,200,True,
642,1788579049.943,123.368,1074.74,200,True,
643,1788579049.611,123.036,1558.2,200,True,
644,1788579049.651,123.076,1591.07,200,True,
645,1788579050.654,124.079,638.35,200,True,
646,1788579049.756,123.182,1605.12,200,True,
647,1788579050.604,124.029,974.1,200,True,
648,1788579050.127,123.552,1458.98,200,True,
649,1788579050.967,124.392,929.44,200,True,
650,1788579050.555,123.98,1418.05,200,True,
651,1788579050.051,123.477,1927.45,200,True,
652,1788579051.242,124.668,736.55,200,True,
653,1788579050.852,124.277,1156.61,200,True,
654,1788579051.586,125.011,497.57,200,True,
655,1788579050.963,124.388,1350.93,200,True,
656,1788579051.979,125.404,507.11,200,True,
657,1788579051.293,124.718,1207.91,200,True,
658,1788579051.973,125.398,533.25,200,True,
659,1788579051.361,124.787,1217.97,200,True,
660,1788579051.896,125.321,1008.16,200,True,
661,1788579051.018,124.443,1925.36,200,True,
662,1788579051.979,125.404,1026.19,200,True,
663,1788579052.579,126.005,513.97,200,True,
664,1788579051.169,124.594,2162.74,200,True,
665,1788579052.5,125.926,1007.77,200,True,
666,1788579053.093,126.519,437.31,200,True,
667,1788579052.506,125.932,1030.6,200,True,
668,1788579052.084,125.509,1512.65,200,True,
669,1788579051.578,125.003,2026.18,200,True,
670,1788579052.009,125.434,2025.78,200,True,
671,1788579053.531,126.956,520.78,200,True,
672,1788579053.596,127.022,499.22,200,True,
673,1788579052.486,125.911,1868.4,200,True,
674,1788579053.508,126.933,917.08,200,True,
675,1788579053.537,126.962,973.67,200,True,
676,1788579054.051,127.477,512.63,200,True,
677,1788579052.904,126.329,1710.98,200,True,
678,1788579052.314,125.739,2386.18,200,True,
679,1788579054.425,127.851,432.32,200,True,
680,1788579053.005,126.43,2161.91,200,True,
681,1788579054.7,128.125,505.76,200,True,
682,1788579053.332,126.757,1944.36,200,True,
683,1788579054.035,127.46,1495.61,200,True,
684,1788579054.096,127.521,1447.98,200,True,
685,1788579054.615,128.04,945.16,200,True,
686,1788579054.564,127.989,1068.33,200,True,
687,1788579052.943,126.368,2758.87,200,True,
688,1788579054.354,127.78,1351.87,200,True,
689,1788579053.604,127.029,2569.25,200,True,
690,1788579055.276,128.701,1005.71,200,True,
691,1788579056.173,129.598,448.39,200,True,
692,1788579055.53,128.955,1094.27,200,True,
693,1788579055.167,128.592,1464.73,200,True,
694,1788579055.206,128.631,1425.72,200,True,
695,1788579055.56,128.986,1071.32,200,True,
696,1788579054.511,127.936,2196.49,200,True,
697,1788579054.858,128.283,1859.31,200,True,
698,1788579055.706,129.131,1084.81,200,True,
699,1788579056.632,130.057,517.27,200,True,
700,1788579056.717,130.142,436.86,200,True,
701,1788579056.791,130.216,514.1,200,True,
702,1788579055.632,129.058,2006.95,200,True,
703,1788579055.544,128.969,2125.64,200,True,
704,1788579056.632,130.057,1087.46,200,True,
705,1788579056.707,130.132,1016.18,200,True,
706,1788579057.305,130.73,513.55,200,True,
707,1788579057.149,130.574,991.08,200,True,
708,1788579057.154,130.579,1078.46,200,True,
709,1788579057.719,131.144,533.73,200,True,
710,1788579057.819,131.244,526.64,200,True,
711,1788579055.702,129.127,2942.93,200,True,
712,1788579057.669,131.094,1007.31,200,True,
713,1788579056.282,129.707,2454.98,200,True,
714,1788579058.14,131.565,855.97,200,True,
715,1788579058.645,132.07,494.4,200,True,
716,1788579058.232,131.657,952.92,200,True,
717,1788579058.996,132.421,503.04,200,True,
718,1788579056.621,130.047,3012.03,200,True,
719,1788579056.624,130.05,3210.85,200,True,
720,1788579058.345,131.771,1641.1,200,True,
721,1788579059.499,132.924,507.25,200,True,
722,1788579059.185,132.61,977.61,200,True,
723,1788579059.835,133.261,430.87,200,True,
724,1788579060.006,133.431,480.47,200,True,
725,1788579056.632,130.057,4030.56,200,True,
726,1788579060.266,133.691,466.3,200,True,
727,1788579057.639,131.065,3197.68,200,True,
728,1788579059.986,133.412,908.54,200,True,
729,1788579060.163,133.588,1032.64,200,True,
730,1788579060.662,134.087,574.5,200,True,
731,1788579057.723,131.149,3933.54,200,True,
732,1788579061.237,134.662,444.47,200,True,
733,1788579061.195,134.621,491.48,200,True,
734,1788579060.487,133.912,1411.69,200,True,
735,1788579058.253,131.678,3679.58,200,True,
736,1788579060.895,134.32,1145.47,200,True,
737,1788579061.681,135.106,788.9,200,True,
738,1788579061.657,135.082,967.42,200,True,
739,1788579061.687,135.112,940.54,200,True,
740,1788579058.676,132.102,3986.55,200,True,
741,1788579061.898,135.324,966.38,200,True,
742,1788579058.737,132.162,4290.84,200,True,
743,1788579062.627,136.053,494.02,200,True,
744,1788579061.932,135.358,1225.78,200,True,
745,1788579063.027,136.453,424.56,200,True,
746,1788579063.158,136.583,463.74,200,True,
747,1788579062.04,135.466,1622.61,200,True,
748,1788579059.139,132.564,4578.33,200,True,
749,1788579062.663,136.088,1103.61,200,True,
750,1788579063.452,136.877,545.39,200,True,
751,1788579059.633,133.059,4417.05,200,True,
752,1788579063.622,137.047,476.41,200,True,
753,1788579063.767,137.192,449.03,200,True,
754,1788579062.865,136.29,1773.35,200,True,
755,1788579060.732,134.158,3986.29,200,True,
756,1788579063.121,136.547,1639.83,200,True,
757,1788579063.997,137.423,824.58,200,True,
758,1788579064.098,137.524,1008.39,200,True,
759,1788579060.837,134.262,4276.02,200,True,
760,1788579062.47,135.895,3178.02,200,True,
761,1788579063.717,137.143,1933.97,200,True,
762,1788579063.663,137.088,2067.04,200,True,
763,1788579064.719,138.144,1186.52,200,True,
764,1788579064.822,138.247,1195.68,200,True,
765,1788579062.624,136.05,3523.16,200,True,
766,1788579065.651,139.077,508.58,200,True,
767,1788579065.648,139.073,829.89,200,True,
768,1788579066.16,139.585,449.52,200,True,
769,1788579064.051,137.476,2569.27,200,True,
770,1788579064.216,137.641,2425.3,200,True,
771,1788579065.905,139.33,895.63,200,True,
772,1788579064.761,138.187,2061.4,200,True,
773,1788579066.478,139.903,481.94,200,True,
774,1788579066.641,140.066,471.21,200,True,
775,1788579064.638,138.063,2559.18,200,True,
776,1788579066.62,140.045,761.51,200,True,
777,1788579066.018,139.443,1468.94,200,True,
778,1788579065.107,138.532,2427.58,200,True,
779,1788579066.61,140.035,1083.31,200,True,
780,1788579065.113,138.538,2582.43,200,True,
781,1788579066.801,140.226,972.64,200,True,
782,1788579067.381,140.807,604.66,200,True,
783,1788579066.147,139.573,1883.92,200,True,
784,1788579065.73,139.155,2564.86,200,True,
785,1788579066.96,140.385,1386.92,200,True,
786,1788579067.774,141.199,616.04,200,True,
787,1788579066.823,140.248,1614.79,200,True,
788,1788579068.031,141.457,529.96,200,True,
789,1788579067.197,140.623,1495.26,200,True,
790,1788579067.112,140.537,1751.79,200,True,
791,1788579067.487,140.912,1623.26,200,True,
792,1788579068.295,141.72,975.21,200,True,
793,1788579067.534,140.96,1758.21,200,True,
794,1788579067.693,141.118,1644.52,200,True,
795,1788579068.39,141.815,978.11,200,True,
796,1788579068.561,141.987,1010.08,200,True,
797,1788579067.695,141.121,1984.92,200,True,
798,1788579069.27,142.695,446.49,200,True,
799,1788579068.693,142.118,1171.44,200,True,
800,1788579067.986,141.411,2106.31,200,True,
801,1788579069.337,142.763,888.06,200,True,
802,1788579069.293,142.718,970.1,200,True,
803,1788579069.717,143.142,552.04,200,True,
804,1788579068.347,141.772,1957.6,200,True,
805,1788579068.864,142.289,1482.88,200,True,
806,1788579068.437,141.863,2139.63,200,True,
807,1788579069.571,142.997,1077.73,200,True,
808,1788579070.347,143.772,437.28,200,True,
809,1788579070.269,143.694,639.64,200,True,
810,1788579069.368,142.793,1579.33,200,True,
811,1788579069.11,142.535,1871.74,200,True,
812,1788579069.68,143.106,1478.34,200,True,
813,1788579070.649,144.074,622.92,200,True,
814,1788579069.864,143.289,1479.61,200,True,
815,1788579070.577,144.002,1006.36,200,True,
816,1788579070.947,144.372,715.9,200,True,
817,1788579070.784,144.209,926.27,200,True,
818,1788579070.908,144.334,1031.2,200,True,
819,1788579071.159,144.584,805.76,200,True,
820,1788579070.092,143.518,1938.74,200,True,
821,1788579070.982,144.407,1169.75,200,True,
822,1788579071.272,144.697,983.77,200,True,
823,1788579070.225,143.651,2179.99,200,True,
824,1788579071.964,145.39,482.64,200,True,
825,1788579071.939,145.365,634.52,200,True,
826,1788579070.263,143.688,2681.6,200,True,
827,1788579071.344,144.769,1609.15,200,True,
828,1788579072.405,145.831,804.1,200,True,
829,1788579071.663,145.088,1590.73,200,True,
830,1788579072.447,145.872,1038.41,200,True,
831,1788579070.304,143.73,3192.95,200,True,
832,1788579073.21,146.635,507.29,200,True,
833,1788579072.574,145.999,1333.6,200,True,
834,1788579071.583,145.009,2348.21,200,True,
835,1788579073.486,146.911,449.67,200,True,
836,1788579071.71,145.136,2230.31,200,True,
837,1788579072.031,145.456,2217.95,200,True,
838,1788579072.151,145.577,2338.75,200,True,
839,1788579073.717,147.142,819.46,200,True,
840,1788579073.908,147.333,923.6,200,True,
841,1788579072.944,146.369,2068.89,200,True,
842,1788579072.256,145.681,2764.86,200,True,
843,1788579073.932,147.357,1304.94,200,True,
844,1788579073.254,146.679,2062.13,200,True,
845,1788579072.953,146.378,2451.27,200,True,
846,1788579074.49,147.915,921.99,200,True,
847,1788579074.536,147.962,973.54,200,True,
848,1788579075.237,148.662,552.15,200,True,
849,1788579073.497,146.923,2512.66,200,True,
850,1788579075.021,148.446,995.17,200,True,
851,1788579075.789,149.214,411.8,200,True,
852,1788579074.249,147.674,2020.97,200,True,
853,1788579075.316,148.741,1009.44,200,True,
854,1788579073.935,147.36,2391.12,200,True,
855,1788579075.404,148.829,1006.31,200,True,
856,1788579075.412,148.837,1007.48,200,True,
857,1788579076.01,149.435,692.58,200,True,
858,1788579076.016,149.441,693.95,200,True,
859,1788579073.941,147.366,3072.09,200,True,
860,1788579076.27,149.695,756.39,200,True,
861,1788579076.703,150.128,589.42,200,True,
862,1788579074.831,148.256,2486.79,200,True,
863,1788579076.325,149.75,1050.96,200,True,
864,1788579075.51,148.935,1919.35,200,True,
865,1788579076.201,149.626,1228.63,200,True,
866,1788579076.326,149.752,1252.66,200,True,
867,1788579077.026,150.452,616.73,200,True,
868,1788579077.013,150.438,682.49,200,True,
869,1788579077.292,150.717,505.38,200,True,
870,1788579075.013,148.438,3082.66,200,True,
871,1788579077.318,150.743,1012.19,200,True,
872,1788579077.429,150.854,972.37,200,True,
873,1788579076.41,149.836,1993.7,200,True,
874,1788579077.429,150.854,1077.55,200,True,
875,1788579077.643,151.068,890.59,200,True,
876,1788579078.402,151.827,555.25,200,True,
877,1788579078.534,151.959,464.89,200,True,
878,1788579076.42,149.845,2674.45,200,True,
879,1788579078.957,152.382,516.42,200,True,
880,1788579077.695,151.121,1801.16,200,True,
881,1788579076.71,150.135,2788.09,200,True,
882,1788579078.999,152.424,510.27,200,True,
883,1788579079.094,152.519,425.09,200,True,
884,1788579077.797,151.223,1912.13,200,True,
885,1788579079.71,153.135,423.69,200,True,
886,1788579077.376,150.801,2816.27,200,True,
887,1788579079.473,152.898,909.3,200,True,
888,1788579077.579,151.004,2921.37,200,True,
889,1788579078.33,151.755,2176.5,200,True,
890,1788579079.496,152.922,1058.74,200,True,
891,1788579078.507,151.932,2296.16,200,True,
892,1788579080.507,153.932,610.93,200,True,
893,1788579078.096,151.521,3227.51,200,True,
894,1788579079.519,152.944,1887.6,200,True,
895,1788579080.803,154.228,729.71,200,True,
896,1788579078.404,151.829,3135.04,200,True,
897,1788579080.192,153.618,1426.31,200,True,
898,1788579079.509,152.934,2130.88,200,True,
899,1788579081.118,154.543,809.58,200,True,
900,1788579080.133,153.558,1817.05,200,True,
901,1788579081.407,154.832,655.04,200,True,
902,1788579081.64,155.065,550.41,200,True,
903,1788579081.323,154.749,932.74,200,True,
904,1788579080.5,153.926,2066.62,200,True,
905,1788579079.498,152.923,3072.87,200,True,
906,1788579080.383,153.808,2313.37,200,True,
907,1788579081.539,154.964,1521.36,200,True,
908,1788579081.533,154.958,1553.13,200,True,
909,1788579082.19,155.615,930.9,200,True,
910,1788579082.062,155.487,1065.49,200,True,
911,1788579082.696,156.121,540.44,200,True,
912,1788579082.256,155.681,1013.55,200,True,
913,1788579080.555,153.98,3038.78,200,True,
914,1788579081.619,155.044,2070.49,200,True,
915,1788579082.567,155.992,1137.96,200,True,
916,1788579081.927,155.352,1877.0,200,True,
917,1788579083.121,156.546,721.17,200,True,
918,1788579083.689,157.114,446.47,200,True,
919,1788579083.127,156.552,1060.26,200,True,
920,1788579083.594,157.019,660.27,200,True,
921,1788579081.95,155.376,2355.52,200,True,
922,1788579083.236,156.662,1152.35,200,True,
923,1788579084.187,157.613,465.26,200,True,
924,1788579082.571,155.996,2137.69,200,True,
925,1788579083.06,156.486,1761.33,200,True,
926,1788579083.27,156.695,1645.71,200,True,
927,1788579084.136,157.561,889.63,200,True,
928,1788579084.709,158.134,499.79,200,True,
929,1788579084.389,157.814,853.23,200,True,
930,1788579083.705,157.13,1689.04,200,True,
931,1788579083.804,157.229,1712.11,200,True,
932,1788579083.842,157.267,1676.77,200,True,
933,1788579083.086,156.511,2746.99,200,True,
934,1788579084.254,157.679,1671.54,200,True,
935,1788579084.306,157.731,1629.44,200,True,
936,1788579085.519,158.944,495.21,200,True,
937,1788579084.822,158.247,1609.8,200,True,
938,1788579084.653,158.078,1972.25,200,True,
939,1788579085.208,158.634,1426.31,200,True,
940,1788579084.916,158.341,2012.83,200,True,
941,1788579085.242,158.667,1805.78,200,True,
942,1788579085.025,158.451,2214.47,200,True,
943,1788579085.516,158.942,2029.82,200,True,
944,1788579086.635,160.06,989.64,200,True,
945,1788579086.625,160.05,1007.41,200,True,
946,1788579085.394,158.819,2256.31,200,True,
947,1788579085.926,159.351,1819.15,200,True,
948,1788579085.935,159.36,2014.08,200,True,
949,1788579085.833,159.258,2323.98,200,True,
950,1788579086.928,160.354,1343.17,200,True,
951,1788579087.632,161.058,1040.52,200,True,
952,1788579086.014,159.439,2672.42,200,True,
953,1788579087.546,160.971,1195.95,200,True,
954,1788579086.432,159.857,2310.46,200,True,
955,1788579087.24,160.665,1511.83,200,True,
956,1788579087.745,161.17,1122.6,200,True,
957,1788579087.048,160.473,2131.75,200,True,
958,1788579088.868,162.293,446.6,200,True,
959,1788579088.742,162.167,935.67,200,True,
960,1788579087.624,161.049,2158.54,200,True,
961,1788579087.65,161.076,2196.98,200,True,
962,1788579088.157,161.582,1712.58,200,True,
963,1788579088.752,162.177,1192.34,200,True,
964,1788579087.949,161.375,2014.32,200,True,
965,1788579088.687,162.112,1289.97,200,True,
966,1788579088.673,162.098,1621.11,200,True,
967,1788579089.847,163.272,464.11,200,True,
968,1788579089.179,162.605,1195.24,200,True,
969,1788579089.678,163.103,854.1,200,True,
970,1788579089.783,163.208,937.33,200,True,
971,1788579088.272,161.697,2498.0,200,True,
972,1788579088.742,162.167,2150.86,200,True,
973,1788579089.314,162.739,1664.07,200,True,
974,1788579089.964,163.389,1102.98,200,True,
975,1788579089.977,163.402,1090.08,200,True,
976,1788579090.375,163.8,757.76,200,True,
977,1788579090.294,163.719,886.95,200,True,
978,1788579090.77,164.195,527.93,200,True,
979,1788579089.869,163.295,1523.38,200,True,
980,1788579090.532,163.957,973.15,200,True,
981,1788579090.72,164.145,871.66,200,True,
982,1788579091.181,164.606,640.45,200,True,
983,1788579090.311,163.737,1574.11,200,True,
984,1788579089.944,163.369,1959.62,200,True,
985,1788579091.505,164.93,539.73,200,True,
986,1788579091.067,164.492,1108.01,200,True,
987,1788579090.893,164.318,1398.78,200,True,
988,1788579091.298,164.723,1200.31,200,True,
989,1788579090.978,164.403,1625.45,200,True,
990,1788579091.885,165.311,926.6,200,True,
991,1788579091.067,164.492,1927.92,200,True,
992,1788579091.592,165.017,1405.15,200,True,
993,1788579092.175,165.6,844.86,200,True,
994,1788579091.393,164.818,1787.53,200,True,
995,1788579092.997,166.422,486.95,200,True,
996,1788579091.132,164.558,2448.84,200,True,
997,1788579091.821,165.247,1769.35,200,True,
998,1788579092.498,165.923,1094.49,200,True,
999,1788579093.18,166.605,590.61,200,True,
1000,1788579093.484,166.909,507.79,200,True,
1001,1788579092.045,165.47,2038.0,200,True,
1002,1788579091.904,165.329,2186.82,200,True,
1003,1788579092.292,165.717,1979.13,200,True,
1004,1788579093.591,167.016,783.39,200,True,
1005,1788579092.604,166.029,1783.57,200,True,
1006,1788579093.581,167.006,1003.71,200,True,
1007,1788579093.02,166.445,1666.8,200,True,
1008,1788579094.271,167.696,462.52,200,True,
1009,1788579092.812,166.237,2350.26,200,True,
1010,1788579093.992,167.417,1179.51,200,True,
1011,1788579094.09,167.516,1213.98,200,True,
1012,1788579092.995,166.42,2380.29,200,True,
1013,1788579094.585,168.01,833.08,200,True,
1014,1788579094.083,167.508,1505.73,200,True,
1015,1788579094.387,167.812,1309.58,200,True,
1016,1788579094.686,168.112,1092.34,200,True,
1017,1788579095.418,168.843,747.08,200,True,
1018,1788579093.592,167.018,2576.59,200,True,
1019,1788579093.771,167.196,2605.29,200,True,
1020,1788579095.162,168.588,1258.63,200,True,
1021,1788579095.588,169.014,864.75,200,True,
1022,1788579096.165,169.59,505.11,200,True,
1023,1788579096.169,169.594,527.53,200,True,
1024,1788579095.171,168.596,1636.49,200,True,
1025,1788579096.376,169.801,578.73,200,True,
1026,1788579096.421,169.846,692.84,200,True,
1027,1788579096.67,170.095,517.27,200,True,
1028,1788579094.374,167.799,2887.67,200,True,
1029,1788579096.955,170.38,501.59,200,True,
1030,1788579094.733,168.159,2724.57,200,True,
1031,1788579095.304,168.73,2196.9,200,True,
1032,1788579096.696,170.122,916.66,200,True,
1033,1788579097.114,170.539,723.79,200,True,
1034,1788579096.453,169.878,1412.17,200,True,
1035,1788579097.188,170.613,925.93,200,True,
1036,1788579097.262,170.687,967.64,200,True,
1037,1788579095.375,168.8,2887.32,200,True,
1038,1788579097.501,170.927,760.85,200,True,
1039,1788579097.838,171.263,451.29,200,True,
1040,1788579095.697,169.122,2843.82,200,True,
1041,1788579097.458,170.883,1168.87,200,True,
1042,1788579097.865,171.291,960.8,200,True,
1043,1788579098.541,171.966,499.94,200,True,
1044,1788579097.613,171.038,1492.54,200,True,
1045,1788579098.262,171.687,898.34,200,True,
1046,1788579098.113,171.539,1142.94,200,True,
1047,1788579098.262,171.687,1062.14,200,True,
1048,1788579095.779,169.204,3565.54,200,True,
1049,1788579096.808,170.233,2745.04,200,True,
1050,1788579098.289,171.714,1321.82,200,True,
1051,1788579098.627,172.052,1222.85,200,True,
1052,1788579099.347,172.772,618.78,200,True,
1053,1788579098.826,172.251,1337.06,200,True,
1054,1788579099.161,172.586,1032.28,200,True,
1055,1788579099.324,172.75,934.35,200,True,
1056,1788579099.553,172.978,851.44,200,True,
1057,1788579097.456,170.882,2968.29,200,True,
1058,1788579099.041,172.466,1402.42,200,True,
1059,1788579098.229,171.655,2308.14,200,True,
1060,1788579099.85,173.275,815.37,200,True,
1061,1788579100.425,173.85,462.97,200,True,
1062,1788579100.443,173.868,474.99,200,True,
1063,1788579099.106,172.531,1901.8,200,True,
1064,1788579100.163,173.588,987.82,200,True,
1065,1788579100.404,173.829,827.81,200,True,
1066,1788579099.256,172.682,2153.79,200,True,
1067,1788579100.193,173.618,1461.52,200,True,
1068,1788579100.918,174.343,756.14,200,True,
1069,1788579100.538,173.963,1177.23,200,True,
1070,1788579101.41,174.835,441.71,200,True,
1071,1788579100.888,174.313,1069.28,200,True,
1072,1788579099.611,173.036,2385.96,200,True,
1073,1788579101.151,174.576,916.83,200,True,
1074,1788579101.007,174.433,1209.21,200,True,
1075,1788579099.966,173.391,2459.25,200,True,
1076,1788579101.674,175.099,777.64,200,True,
1077,1788579101.852,175.277,826.15,200,True,
1078,1788579101.232,174.657,1510.01,200,True,
1079,1788579101.997,175.422,976.8,200,True,
1080,1788579100.259,173.684,2730.97,200,True,
1081,1788579101.654,175.08,1470.1,200,True,
1082,1788579102.678,176.103,459.92,200,True,
1083,1788579100.665,174.09,2816.07,200,True,
1084,1788579102.99,176.415,524.97,200,True,
1085,1788579102.068,175.493,1688.7,200,True,
1086,1788579102.742,176.167,1069.35,200,True,
1087,1788579102.425,175.85,1532.18,200,True,
1088,1788579101.715,175.14,2295.51,200,True,
1089,1788579103.138,176.563,873.62,200,True,
1090,1788579103.811,177.237,428.9,200,True,
1091,1788579103.757,177.182,503.25,200,True,
1092,1788579101.957,175.382,2555.72,200,True,
1093,1788579102.452,175.877,2323.34,200,True,
1094,1788579103.957,177.382,950.6,200,True,
1095,1788579102.973,176.399,1982.75,200,True,
1096,1788579104.012,177.437,986.37,200,True,
1097,1788579104.513,177.938,524.31,200,True,
1098,1788579102.217,175.642,2981.36,200,True,
1099,1788579104.908,178.333,502.6,200,True,
1100,1788579104.01,177.436,1581.29,200,True,
1101,1788579105.198,178.623,496.13,200,True,
1102,1788579103.124,176.55,2818.3,200,True,
1103,1788579104.998,178.423,1031.4,200,True,
1104,1788579103.481,176.906,2558.9,200,True,
1105,1788579105.694,179.119,478.92,200,True,
1106,1788579104.26,177.685,1931.3,200,True,
1107,1788579105.41,178.835,984.75,200,True,
1108,1788579105.943,179.368,455.89,200,True,
1109,1788579105.592,179.017,825.44,200,True,
1110,1788579106.04,179.465,523.46,200,True,
1111,1788579106.029,179.455,793.31,200,True,
1112,1788579103.515,176.94,3428.05,200,True,
1113,1788579106.395,179.82,551.59,200,True,
1114,1788579104.24,177.665,2798.01,200,True,
1115,1788579106.173,179.598,867.97,200,True,
1116,1788579106.417,179.842,744.89,200,True,
1117,1788579106.191,179.616,1037.67,200,True,
1118,1788579106.399,179.824,1026.84,200,True,
1119,1788579107.038,180.463,450.2,200,True,
1120,1788579106.563,179.989,1092.28,200,True,
1121,1788579104.775,178.2,3158.02,200,True,
1122,1788579107.162,180.587,781.07,200,True,
1123,1788579106.946,180.372,996.57,200,True,
1124,1788579106.943,180.368,1014.25,200,True,
1125,1788579106.823,180.248,1264.37,200,True,
1126,1788579104.956,178.381,3277.74,200,True,
1127,1788579107.933,181.358,452.53,200,True,
1128,1788579107.656,181.081,741.87,200,True,
1129,1788579107.943,181.368,504.67,200,True,
1130,1788579107.943,181.368,521.07,200,True,
1131,1788579107.957,181.382,816.38,200,True,
1132,1788579107.041,180.466,1800.41,200,True,
1133,1788579105.037,178.462,3884.6,200,True,
1134,1788579108.087,181.512,905.75,200,True,
1135,1788579107.229,180.654,1825.31,200,True,
1136,1788579107.425,180.851,1794.04,200,True,
1137,1788579108.841,182.267,453.54,200,True,
1138,1788579109.295,182.72,447.62,200,True,
1139,1788579108.234,181.659,1529.31,200,True,
1140,1788579107.488,180.914,2344.88,200,True,
1141,1788579108.386,181.811,1520.54,200,True,
1142,1788579108.464,181.889,1582.02,200,True,
1143,1788579108.398,181.823,1653.18,200,True,
1144,1788579109.743,183.168,487.96,200,True,
1145,1788579109.763,183.189,498.23,200,True,
1146,1788579109.833,183.259,513.54,200,True,
1147,1788579108.448,181.873,1953.69,200,True,
1148,1788579109.906,183.331,682.54,200,True,
1149,1788579109.054,182.479,1660.89,200,True,
1150,1788579108.773,182.199,1981.67,200,True,
1151,1788579110.347,183.772,477.62,200,True,
1152,1788579108.922,182.347,1908.41,200,True,
1153,1788579109.219,182.645,1827.09,200,True,
1154,1788579110.046,183.471,1024.05,200,True,
1155,1788579108.993,182.418,2153.54,200,True,
1156,1788579110.755,184.18,537.23,200,True,
1157,1788579110.824,184.25,503.7,200,True,
1158,1788579110.589,184.014,743.99,200,True,
1159,1788579110.83,184.255,619.95,200,True,
1160,1788579111.047,184.472,418.42,200,True,
1161,1788579110.262,183.687,1413.82,200,True,
1162,1788579111.328,184.753,500.37,200,True,
1163,1788579110.051,183.476,1786.1,200,True,
1164,1788579111.45,184.875,502.2,200,True,
1165,1788579111.07,184.495,997.36,200,True,
1166,1788579111.675,185.101,479.97,200,True,
1167,1788579111.146,184.572,1041.6,200,True,
1168,1788579110.231,183.656,1999.73,200,True,
1169,1788579111.333,184.758,945.45,200,True,
1170,1788579111.829,185.254,508.59,200,True,
1171,1788579112.068,185.493,456.73,200,True,
1172,1788579111.465,184.89,1297.76,200,True,
1173,1788579112.337,185.762,445.28,200,True,
1174,1788579110.401,183.827,2432.67,200,True,
1175,1788579112.278,185.703,560.25,200,True,
1176,1788579111.952,185.377,1119.06,200,True,
1177,1788579112.188,185.613,942.74,200,True,
1178,1788579112.23,185.656,1001.85,200,True,
1179,1788579112.763,186.188,474.03,200,True,
1180,1788579112.838,186.264,468.11,200,True,
1181,1788579110.715,184.14,2625.48,200,True,
1182,1788579113.071,186.496,474.13,200,True,
1183,1788579113.131,186.556,459.59,200,True,
1184,1788579112.155,185.581,1443.53,200,True,
1185,1788579113.306,186.732,541.61,200,True,
1186,1788579111.292,184.717,2668.97,200,True,
1187,1788579113.545,186.971,493.07,200,True,
1188,1788579112.524,185.95,1740.89,200,True,
1189,1788579112.834,186.259,1444.9,200,True,
1190,1788579113.232,186.657,1074.73,200,True,
1191,1788579113.599,187.024,717.25,200,True,
1192,1788579111.837,185.262,2613.19,200,True,
1193,1788579113.961,187.386,496.26,200,True,
1194,1788579114.038,187.464,530.69,200,True,
1195,1788579114.279,187.704,597.19,200,True,
1196,1788579113.34,186.766,1580.08,200,True,
1197,1788579113.848,187.273,1106.61,200,True,
1198,1788579114.457,187.883,531.42,200,True,
1199,1788579112.782,186.208,2305.61,200,True,
1200,1788579114.569,187.994,522.95,200,True,
1201,1788579114.265,187.69,896.91,200,True,
1202,1788579113.237,186.662,2052.52,200,True,
1203,1788579114.921,188.346,458.61,200,True,
1204,1788579114.876,188.301,532.42,200,True,
1205,1788579113.59,187.015,1844.98,200,True,
1206,1788579114.989,188.414,613.65,200,True,
1207,1788579115.088,188.513,537.06,200,True,
1208,1788579115.435,188.86,479.9,200,True,
1209,1788579115.092,188.517,834.04,200,True,
1210,1788579114.307,187.732,1646.36,200,True,
1211,1788579115.289,188.715,859.59,200,True,
1212,1788579115.162,188.587,1075.63,200,True,
1213,1788579115.915,189.34,511.67,200,True,
1214,1788579115.409,188.834,1041.28,200,True,
1215,1788579114.316,187.741,2143.21,200,True,
1216,1788579115.602,189.028,959.07,200,True,
1217,1788579115.625,189.05,968.29,200,True,
1218,1788579116.149,189.574,656.81,200,True,
1219,1788579116.45,189.875,479.23,200,True,
1220,1788579116.427,189.852,535.1,200,True,
1221,1788579114.45,187.875,2529.5,200,True,
1222,1788579115.926,189.351,1116.17,200,True,
1223,1788579116.238,189.663,973.7,200,True,
1224,1788579116.593,190.019,741.87,200,True,
1225,1788579115.953,189.378,1387.49,200,True,
1226,1788579116.459,189.885,968.36,200,True,
1227,1788579114.955,188.38,2528.43,200,True,
1228,1788579117.042,190.467,451.35,200,True,
1229,1788579116.562,189.987,961.84,200,True,
1230,1788579116.962,190.387,659.0,200,True,
1231,1788579116.806,190.231,1019.73,200,True,
1232,1788579117.428,190.853,462.16,200,True,
1233,1788579116.98,190.405,964.63,200,True,
1234,1788579115.379,188.804,2705.33,200,True,
1235,1788579117.211,190.637,922.12,200,True,
1236,1788579117.944,191.369,460.1,200,True,
1237,1788579117.335,190.76,1102.85,200,True,
1238,1788579117.483,190.908,1078.42,200,True,
1239,1788579118.084,191.51,493.6,200,True,
1240,1788579116.929,190.354,1662.56,200,True,
1241,1788579117.621,191.046,1011.09,200,True,
1242,1788579117.825,191.251,932.34,200,True,
1243,1788579117.89,191.315,1028.22,200,True,
1244,1788579117.494,190.919,1457.33,200,True,
1245,1788579117.341,190.766,1843.94,200,True,
1246,1788579118.438,191.863,903.99,200,True,
1247,1788579118.562,191.987,834.85,200,True,
1248,1788579118.632,192.057,885.55,200,True,
1249,1788579118.404,191.83,1252.77,200,True,
1250,1788579117.523,190.949,2163.96,200,True,
1251,1788579118.134,191.559,1638.72,200,True,
1252,1788579118.592,192.017,1229.46,200,True,
1253,1788579118.758,192.183,1081.25,200,True,
1254,1788579118.918,192.343,960.9,200,True,
1255,1788579118.578,192.003,1723.77,200,True,
1256,1788579119.821,193.246,503.03,200,True,
1257,1788579119.185,192.61,1174.72,200,True,
1258,1788579119.879,193.304,504.46,200,True,
1259,1788579119.657,193.082,903.84,200,True,
1260,1788579118.951,192.376,1737.34,200,True,
1261,1788579119.687,193.113,1073.29,200,True,
1262,1788579120.383,193.809,452.7,200,True,
1263,1788579119.342,192.767,1509.18,200,True,
1264,1788579120.324,193.749,715.42,200,True,
1265,1788579120.302,193.727,889.2,200,True,
1266,1788579119.396,192.822,1994.06,200,True,
1267,1788579119.518,192.943,1939.0,200,True,
1268,1788579120.836,194.261,620.44,200,True,
1269,1788579121.04,194.465,497.44,200,True,
1270,1788579120.561,193.986,1066.11,200,True,
1271,1788579120.359,193.785,1318.26,200,True,
1272,1788579119.772,193.197,1926.93,200,True,
1273,1788579121.191,194.616,672.72,200,True,
1274,1788579121.537,194.962,411.68,200,True,
1275,1788579120.688,194.113,1352.53,200,True,
1276,1788579121.699,195.124,478.82,200,True,
1277,1788579119.839,193.264,2557.34,200,True,
1278,1788579121.949,195.374,514.66,200,True,
1279,1788579121.864,195.289,673.32,200,True,
1280,1788579121.627,195.052,924.79,200,True,
1281,1788579121.678,195.103,944.47,200,True,
1282,1788579120.851,194.276,1793.52,200,True,
1283,1788579120.761,194.186,1938.89,200,True,
1284,1788579122.178,195.603,863.33,200,True,
1285,1788579121.457,194.882,1590.94,200,True,
1286,1788579122.622,196.047,470.79,200,True,
1287,1788579122.645,196.07,517.4,200,True,
1288,1788579122.396,195.822,965.85,200,True,
1289,1788579122.7,196.125,683.24,200,True,
1290,1788579121.39,194.816,2020.13,200,True,
1291,1788579122.463,195.889,1002.09,200,True,
1292,1788579123.162,196.587,464.61,200,True,
1293,1788579123.047,196.473,597.26,200,True,
1294,1788579121.457,194.882,2237.3,200,True,
1295,1788579123.093,196.518,603.55,200,True,
1296,1788579122.537,195.962,1180.7,200,True,
1297,1788579123.362,196.787,597.57,200,True,
1298,1788579123.465,196.891,500.35,200,True,
1299,1788579123.411,196.836,687.29,200,True,
1300,1788579122.552,195.977,1577.52,200,True,
1301,1788579123.627,197.052,522.93,200,True,
1302,1788579123.696,197.122,453.78,200,True,
1303,1788579122.041,195.466,2351.94,200,True,
1304,1788579123.694,197.119,717.76,200,True,
1305,1788579123.645,197.07,896.58,200,True,
1306,1788579123.718,197.143,881.31,200,True,
1307,1788579123.966,197.391,721.15,200,True,
1308,1788579123.041,196.467,1682.65,200,True,
1309,1788579124.15,197.575,718.54,200,True,
1310,1788579124.541,197.967,450.13,200,True,
1311,1788579124.098,197.523,964.65,200,True,
1312,1788579123.383,196.808,1746.98,200,True,
1313,1788579124.687,198.112,442.84,200,True,
1314,1788579124.393,197.818,1070.98,200,True,
1315,1788579124.991,198.417,491.34,200,True,
1316,1788579124.412,197.837,1136.26,200,True,
1317,1788579125.13,198.555,499.51,200,True,
1318,1788579123.96,197.385,1766.15,200,True,
1319,1788579124.599,198.024,1334.09,200,True,
1320,1788579125.548,198.973,443.27,200,True,
1321,1788579125.629,199.055,453.1,200,True,
1322,1788579124.724,198.149,1417.58,200,True,
1323,1788579125.464,198.889,684.3,200,True,
1324,1788579124.129,197.555,2085.99,200,True,
1325,1788579125.726,199.151,750.79,200,True,
1326,1788579124.869,198.294,1687.91,200,True,
1327,1788579125.063,198.488,1577.04,200,True,
1328,1788579126.142,199.567,533.28,200,True,
1329,1788579126.215,199.641,509.16,200,True,
1330,1788579124.15,197.575,2664.51,200,True,
1331,1788579125.13,198.555,1898.6,200,True,
1332,1788579126.477,199.902,562.7,200,True,
1333,1788579126.557,199.982,542.44,200,True,
1334,1788579125.991,199.416,1223.22,200,True,
1335,1788579125.933,199.358,1318.02,200,True,
1336,1788579127.039,200.465,447.32,200,True,
1337,1788579125.483,198.908,2066.07,200,True,
1338,1788579127.214,200.64,479.43,200,True,
1339,1788579127.251,200.676,451.11,200,True,
1340,1788579126.082,199.508,1665.81,200,True,
1341,1788579126.724,200.15,1176.17,200,True,
1342,1788579126.64,200.065,1404.6,200,True,
1343,1788579127.549,200.974,504.0,200,True,
1344,1788579127.099,200.524,1117.33,200,True,
1345,1788579126.148,199.573,2176.58,200,True,
1346,1788579128.044,201.469,446.66,200,True,
1347,1788579126.675,200.1,1868.64,200,True,
1348,1788579128.053,201.478,499.85,200,True,
1349,1788579127.487,200.912,1115.76,200,True,
1350,1788579126.814,200.239,1924.16,200,True,
1351,1788579128.553,201.978,446.74,200,True,
1352,1788579127.748,201.173,1299.39,200,True,
1353,1788579127.028,200.454,2289.56,200,True,
1354,1788579128.543,201.969,791.66,200,True,
1355,1788579128.999,202.425,463.7,200,True,
1356,1788579129.048,202.473,453.15,200,True,
1357,1788579127.901,201.326,1640.24,200,True,
1358,1788579128.738,202.164,1012.67,200,True,
1359,1788579129.318,202.743,459.75,200,True,
1360,1788579127.694,201.119,2132.86,200,True,
1361,1788579129.541,202.966,479.1,200,True,
1362,1788579128.216,201.642,1907.53,200,True,
1363,1788579129.335,202.76,806.24,200,True,
1364,1788579129.778,203.203,515.93,200,True,
1365,1788579127.702,201.128,2706.35,200,True,
1366,1788579128.325,201.75,2207.44,200,True,
1367,1788579130.02,203.445,547.01,200,True,
1368,1788579129.501,202.926,1123.3,200,True,
1369,1788579129.751,203.176,996.2,200,True,
1370,1788579129.827,203.252,1014.01,200,True,
1371,1788579130.294,203.719,601.48,200,True,
1372,1788579130.141,203.567,823.33,200,True,
1373,1788579130.567,203.992,509.04,200,True,
1374,1788579128.491,201.916,2729.17,200,True,
1375,1788579130.532,203.957,740.09,200,True,
1376,1788579130.841,204.266,439.41,200,True,
1377,1788579130.624,204.049,680.76,200,True,
1378,1788579130.895,204.32,611.05,200,True,
1379,1788579128.602,202.028,2917.82,200,True,
1380,1788579130.124,203.549,1529.25,200,True,
1381,1788579130.965,204.39,849.9,200,True,
1382,1788579131.305,204.73,515.63,200,True,
1383,1788579130.409,203.834,1445.67,200,True,
1384,1788579131.076,204.501,915.67,200,True,
1385,1788579131.815,205.24,441.79,200,True,
1386,1788579131.22,204.645,1080.61,200,True,
1387,1788579131.52,204.946,780.31,200,True,
1388,1788579129.463,202.888,2850.29,200,True,
1389,1788579131.28,204.705,1207.07,200,True,
1390,1788579131.272,204.697,1232.61,200,True,
1391,1788579131.854,205.28,854.69,200,True,
1392,1788579131.653,205.078,1060.56,200,True,
1393,1788579130.747,204.172,1981.62,200,True,
1394,1788579132.256,205.682,486.69,200,True,
1395,1788579131.82,205.246,936.21,200,True,
1396,1788579132.505,205.93,444.48,200,True,
1397,1788579131.506,204.931,1481.35,200,True,
1398,1788579131.992,205.417,1160.71,200,True,
1399,1788579132.301,205.726,1086.55,200,True,
1400,1788579132.949,206.374,551.34,200,True,
1401,1788579132.714,206.139,964.43,200,True,
1402,1788579132.709,206.134,992.02,200,True,
1403,1788579132.301,205.726,1401.01,200,True,
1404,1788579132.743,206.168,969.55,200,True,
1405,1788579132.729,206.154,1036.3,200,True,
1406,1788579132.757,206.182,1041.94,200,True,
1407,1788579133.387,206.812,502.66,200,True,
1408,1788579132.987,206.413,1013.77,200,True,
1409,1788579132.313,205.739,2064.6,200,True,
1410,1788579133.678,207.103,814.5,200,True,
1411,1788579133.713,207.138,908.52,200,True,
1412,1788579133.701,207.126,920.1,200,True,
1413,1788579133.152,206.578,1503.59,200,True,
1414,1788579132.487,205.912,2205.27,200,True,
1415,1788579133.501,206.926,1252.08,200,True,
1416,1788579133.702,207.127,1086.2,200,True,
1417,1788579134.656,208.081,454.91,200,True,
1418,1788579134.692,208.118,492.28,200,True,
1419,1788579134.378,207.803,1006.91,200,True,
1420,1788579133.765,207.19,1719.47,200,True,
1421,1788579133.89,207.315,1721.69,200,True,
1422,1788579134.753,208.178,871.21,200,True,
1423,1788579134.001,207.426,1634.32,200,True,
1424,1788579133.799,207.224,1862.88,200,True,
1425,1788579134.621,208.046,1059.96,200,True,
1426,1788579134.788,208.213,947.13,200,True,
1427,1788579135.385,208.81,836.59,200,True,
1428,1788579135.485,208.91,799.84,200,True,
1429,1788579135.111,208.536,1267.65,200,True,
1430,1788579135.661,209.087,827.73,200,True,
1431,1788579135.735,209.16,869.7,200,True,
1432,1788579134.493,207.918,2122.88,200,True,
1433,1788579134.621,208.046,2085.63,200,True,
1434,1788579135.185,208.61,1576.27,200,True,
1435,1788579136.285,209.71,492.57,200,True,
1436,1788579135.624,209.049,1156.29,200,True,
1437,1788579135.612,209.037,1479.9,200,True,
1438,1788579136.761,210.186,503.58,200,True,
1439,1788579136.78,210.205,494.29,200,True,
1440,1788579135.681,209.106,1704.42,200,True,
1441,1788579136.489,209.914,915.38,200,True,
1442,1788579135.636,209.061,1887.82,200,True,
1443,1788579136.605,210.03,992.63,200,True,
1444,1788579137.274,210.7,493.69,200,True,
1445,1788579136.222,209.647,1586.06,200,True,
1446,1788579136.379,209.804,1477.13,200,True,
1447,1788579137.597,211.023,454.1,200,True,
1448,1788579137.808,211.233,447.84,200,True,
1449,1788579136.616,210.041,1763.5,200,True,
1450,1788579136.777,210.202,1618.19,200,True,
1451,1788579137.091,210.517,1505.67,200,True,
1452,1788579136.707,210.132,1901.58,200,True,
1453,1788579138.255,211.681,495.66,200,True,
1454,1788579137.386,210.811,1412.27,200,True,
1455,1788579137.265,210.69,1596.58,200,True,
1456,1788579137.768,211.193,1440.46,200,True,
1457,1788579138.379,211.804,913.9,200,True,
1458,1788579138.798,212.223,520.3,200,True,
1459,1788579138.395,211.82,987.4,200,True,
1460,1788579137.405,210.83,1978.12,200,True,
1461,1788579137.523,210.949,1931.57,200,True,
1462,1788579138.597,212.022,929.85,200,True,
1463,1788579138.608,212.034,928.54,200,True,
1464,1788579137.856,211.281,1824.38,200,True,
1465,1788579139.293,212.718,492.97,200,True,
1466,1788579138.051,211.477,1810.3,200,True,
1467,1788579139.383,212.808,506.01,200,True,
1468,1788579139.537,212.962,488.58,200,True,
1469,1788579139.209,212.634,1008.35,200,True,
1470,1788579139.383,212.808,865.41,200,True,
1471,1788579139.318,212.743,939.3,200,True,
1472,1788579139.455,212.88,995.66,200,True,
1473,1788579138.751,212.176,1773.86,200,True,
1474,1788579139.862,213.287,693.0,200,True,
1475,1788579139.889,213.314,815.14,200,True,
1476,1788579138.861,212.286,1858.43,200,True,
1477,1788579140.257,213.683,479.6,200,True,
1478,1788579139.68,213.105,1351.05,200,True,
1479,1788579140.72,214.145,460.65,200,True,
1480,1788579140.025,213.451,1166.98,200,True,
1481,1788579140.737,214.162,455.97,200,True,
1482,1788579140.451,213.876,877.09,200,True,
1483,1788579140.525,213.95,912.21,200,True,
1484,1788579139.786,213.211,1735.74,200,True,
1485,1788579141.031,214.456,494.23,200,True,
1486,1788579139.527,212.952,1999.42,200,True,
1487,1788579140.217,213.642,1474.93,200,True,
1488,1788579141.18,214.605,543.61,200,True,
1489,1788579140.555,213.98,1266.69,200,True,
1490,1788579141.192,214.618,666.88,200,True,
1491,1788579140.704,214.129,1335.91,200,True,
1492,1788579140.248,213.673,1944.75,200,True,
1493,1788579141.526,214.952,829.84,200,True,
1494,1788579141.525,214.951,954.59,200,True,
1495,1788579141.193,214.618,1327.91,200,True,
1496,1788579141.328,214.753,1274.95,200,True,
1497,1788579141.692,215.117,914.79,200,True,
1498,1788579141.821,215.247,1001.38,200,True,
1499,1788579142.04,215.465,811.82,200,True,
1500,1788579141.437,214.862,1482.41,200,True,
1501,1788579141.859,215.285,1274.98,200,True,
1502,1788579142.356,215.781,919.65,200,True,
1503,1788579142.823,216.248,459.36,200,True,
1504,1788579142.603,216.028,719.6,200,True,
1505,1788579142.521,215.946,949.22,200,True,
1506,1788579142.193,215.618,1344.59,200,True,
1507,1788579141.522,214.947,2100.99,200,True,
1508,1788579143.134,216.56,518.54,200,True,
1509,1788579142.607,216.032,1131.26,200,True,
1510,1788579142.852,216.277,978.9,200,True,
1511,1788579143.322,216.747,648.09,200,True,
1512,1788579143.47,216.895,506.94,200,True,
1513,1788579141.724,215.149,2302.45,200,True,
1514,1788579142.48,215.905,1655.44,200,True,
1515,1788579143.83,217.256,561.22,200,True,
1516,1788579143.282,216.707,1133.28,200,True,
1517,1788579143.276,216.701,1148.82,200,True,
1518,1788579142.92,216.345,1505.09,200,True,
1519,1788579143.623,217.048,1026.36,200,True,
1520,1788579143.537,216.963,1306.88,200,True,
1521,1788579143.97,217.396,945.02,200,True,
1522,1788579144.425,217.85,528.13,200,True,
1523,1788579144.392,217.817,636.3,200,True,
1524,1788579143.653,217.078,1405.57,200,True,
1525,1788579144.026,217.451,1072.35,200,True,
1526,1788579144.649,218.074,460.41,200,True,
1527,1788579144.135,217.561,1043.83,200,True,
1528,1788579144.415,217.841,901.14,200,True,
1529,1788579143.738,217.163,1640.4,200,True,
1530,1788579143.977,217.402,1487.62,200,True,
1531,1788579144.953,218.378,687.05,200,True,
1532,1788579145.317,218.742,524.94,200,True,
1533,1788579144.844,218.27,1019.74,200,True,
1534,1788579145.109,218.535,795.49,200,True,
1535,1788579145.028,218.453,885.0,200,True,
1536,1788579144.425,217.85,1563.35,200,True,
1537,1788579145.058,218.484,1063.27,200,True,
1538,1788579145.465,218.89,671.91,200,True,
1539,1788579145.179,218.604,1004.32,200,True,
1540,1788579144.915,218.341,1353.29,200,True,
1541,1788579145.64,219.065,725.23,200,True,
1542,1788579145.913,219.338,517.65,200,True,
1543,1788579145.378,218.804,1122.3,200,True,
1544,1788579145.841,219.267,701.62,200,True,
1545,1788579145.099,218.524,1508.12,200,True,
1546,1788579145.988,219.413,808.34,200,True,
1547,1788579145.864,219.289,1016.27,200,True,
1548,1788579145.905,219.33,998.33,200,True,
1549,1788579146.431,219.856,528.59,200,True,
1550,1788579146.122,219.547,861.66,200,True,
1551,1788579146.137,219.562,1048.02,200,True,
1552,1788579146.365,219.79,841.82,200,True,
1553,1788579146.184,219.609,1130.65,200,True,
1554,1788579146.269,219.694,1102.54,200,True,
1555,1788579146.903,220.329,501.28,200,True,
1556,1788579146.501,219.926,907.58,200,True,
1557,1788579146.543,219.968,909.31,200,True,
1558,1788579146.959,220.384,733.77,200,True,
1559,1788579146.796,220.222,939.22,200,True,
1560,1788579146.607,220.032,1128.88,200,True,
1561,1788579147.185,220.61,697.63,200,True,
1562,1788579146.88,220.306,1204.98,200,True,
1563,1788579147.314,220.739,861.27,200,True,
1564,1788579147.371,220.796,930.2,200,True,
1565,1788579146.983,220.409,1363.23,200,True,
1566,1788579147.408,220.833,1007.42,200,True,
1567,1788579147.405,220.83,1022.36,200,True,
1568,1788579147.452,220.878,1069.7,200,True,
1569,1788579147.693,221.118,1024.06,200,True,
1570,1788579147.736,221.161,1067.82,200,True,
1571,1788579147.207,220.632,1639.11,200,True,
1572,1788579148.301,221.727,710.89,200,True,
1573,1788579148.416,221.841,758.77,200,True,
1574,1788579148.846,222.271,457.5,200,True,
1575,1788579148.522,221.947,802.52,200,True,
1576,1788579147.882,221.307,1467.29,200,True,
1577,1788579148.085,221.511,1266.23,200,True,
1578,1788579148.427,221.852,1019.32,200,True,
1579,1788579147.736,221.161,1815.96,200,True,
1580,1788579148.347,221.772,1230.71,200,True,
1581,1788579148.717,222.142,1073.37,200,True,
1582,1788579149.304,222.729,509.15,200,True,
1583,1788579148.175,221.601,1689.09,200,True,
1584,1788579149.552,222.977,499.98,200,True,
1585,1788579148.803,222.229,1257.04,200,True,
1586,1788579149.325,222.75,918.0,200,True,
1587,1788579149.813,223.238,513.2,200,True,
1588,1788579149.352,222.777,1001.15,200,True,
1589,1788579150.06,223.486,497.6,200,True,
1590,1788579149.012,222.438,1567.28,200,True,
1591,1788579150.243,223.668,570.67,200,True,
1592,1788579149.174,222.6,1700.07,200,True,
1593,1788579149.865,223.29,1038.49,200,True,
1594,1788579150.052,223.477,932.83,200,True,
1595,1788579150.58,224.005,569.93,200,True,
1596,1788579150.558,223.983,651.47,200,True,
1597,1788579150.813,224.239,464.63,200,True,
1598,1788579150.353,223.778,998.76,200,True,
1599,1788579150.326,223.751,1038.77,200,True,
1600,1788579150.984,224.41,504.64,200,True,
1601,1788579149.349,222.775,2323.43,200,True,
1602,1788579151.278,224.703,462.43,200,True,
1603,1788579149.446,222.871,2446.07,200,True,
1604,1788579150.874,224.3,1059.0,200,True,
1605,1788579151.365,224.79,827.07,200,True,
1606,1788579151.673,225.098,518.76,200,True,
1607,1788579150.903,224.328,1357.66,200,True,
1608,1788579151.489,224.914,843.91,200,True,
1609,1788579151.351,224.777,1011.97,200,True,
1610,1788579151.892,225.318,482.67,200,True,
1611,1788579151.15,224.575,1231.09,200,True,
1612,1788579151.74,225.166,847.14,200,True,
1613,1788579152.192,225.617,461.8,200,True,
1614,1788579149.577,223.003,3201.77,200,True,
1615,1788579152.363,225.789,478.83,200,True,
1616,1788579152.375,225.8,501.92,200,True,
1617,1788579152.333,225.758,640.74,200,True,
1618,1788579149.79,223.216,3196.29,200,True,
1619,1788579152.974,226.399,460.51,200,True,
1620,1788579152.588,226.013,1073.84,200,True,
1621,1788579152.653,226.079,1014.67,200,True,
1622,1788579152.779,226.204,908.53,200,True,
1623,1788579152.842,226.267,955.1,200,True,
1624,1788579151.21,224.635,2591.31,200,True,
1625,1788579152.877,226.302,939.82,200,True,
1626,1788579152.987,226.412,935.45,200,True,
1627,1788579153.434,226.859,535.9,200,True,
1628,1788579151.933,225.359,2154.17,200,True,
1629,1788579153.668,227.093,516.22,200,True,
1630,1788579153.688,227.113,544.37,200,True,
1631,1788579153.797,227.223,537.77,200,True,
1632,1788579153.661,227.087,732.84,200,True,
1633,1788579153.97,227.395,454.35,200,True,
1634,1788579154.184,227.61,511.4,200,True,
1635,1788579153.922,227.347,783.42,200,True,
1636,1788579153.817,227.242,1037.53,200,True,
1637,1788579152.192,225.617,2713.81,200,True,
1638,1788579153.801,227.226,1119.19,200,True,
1639,1788579154.088,227.513,845.57,200,True,
1640,1788579152.261,225.686,2835.68,200,True,
1641,1788579154.696,228.121,506.13,200,True,
1642,1788579154.394,227.819,813.02,200,True,
1643,1788579154.335,227.76,1032.74,200,True,
1644,1788579154.424,227.85,947.69,200,True,
1645,1788579154.933,228.358,453.86,200,True,
1646,1788579154.706,228.131,742.91,200,True,
1647,1788579155.096,228.522,488.51,200,True,
1648,1788579155.372,228.797,454.2,200,True,
1649,1788579155.448,228.874,485.05,200,True,
1650,1788579155.202,228.627,810.02,200,True,
1651,1788579155.387,228.812,671.44,200,True,
1652,1788579155.585,229.01,500.99,200,True,
1653,1788579152.381,225.806,3707.27,200,True,
1654,1788579154.232,227.657,1956.62,200,True,
1655,1788579154.854,228.28,1519.25,200,True,
1656,1788579155.368,228.793,1042.32,200,True,
1657,1788579154.906,228.331,1545.82,200,True,
1658,1788579156.086,229.511,459.7,200,True,
1659,1788579156.012,229.437,669.1,200,True,
1660,1788579155.826,229.252,931.33,200,True,
1661,1788579156.451,229.877,514.96,200,True,
1662,1788579156.189,229.614,795.01,200,True,
1663,1788579155.934,229.359,1099.02,200,True,
1664,1788579154.92,228.345,2263.6,200,True,
1665,1788579155.207,228.632,1991.25,200,True,
1666,1788579156.058,229.484,1159.21,200,True,
1667,1788579156.758,230.183,536.71,200,True,
1668,1788579156.374,229.799,1057.91,200,True,
1669,1788579157.198,230.624,469.04,200,True,
1670,1788579156.966,230.392,815.3,200,True,
1671,1788579157.184,230.609,623.43,200,True,
1672,1788579156.088,229.513,1726.75,200,True,
1673,1788579157.218,230.643,750.25,200,True,
1674,1788579156.681,230.106,1346.36,200,True,
1675,1788579156.984,230.409,1271.31,200,True,
1676,1788579157.807,231.232,521.29,200,True,
1677,1788579156.41,229.835,1944.59,200,True,
1678,1788579157.815,231.24,573.35,200,True,
1679,1788579157.431,230.857,1006.43,200,True,
1680,1788579157.782,231.207,701.65,200,True,
1681,1788579156.546,229.971,2200.18,200,True,
1682,1788579158.355,231.78,491.58,200,True,
1683,1788579157.667,231.093,1207.01,200,True,
1684,1788579158.027,231.453,1056.68,200,True,
1685,1788579158.255,231.68,965.58,200,True,
1686,1788579158.483,231.908,766.32,200,True,
1687,1788579158.438,231.863,858.38,200,True,
1688,1788579158.388,231.813,914.69,200,True,
1689,1788579158.846,232.272,473.97,200,True,
1690,1788579157.033,230.458,2407.16,200,True,
1691,1788579158.746,232.171,769.68,200,True,
1692,1788579159.22,232.646,451.26,200,True,
1693,1788579157.294,230.72,2449.11,200,True,
1694,1788579159.25,232.675,514.36,200,True,
1695,1788579159.296,232.721,506.98,200,True,
1696,1788579159.303,232.728,528.86,200,True,
1697,1788579158.875,232.3,1000.57,200,True,
1698,1788579159.672,233.097,428.96,200,True,
1699,1788579159.32,232.746,801.69,200,True,
1700,1788579159.803,233.228,464.0,200,True,
1701,1788579159.515,232.941,903.31,200,True,
1702,1788579157.968,231.393,2467.12,200,True,
1703,1788579159.832,233.257,613.69,200,True,
1704,1788579159.084,232.509,1515.95,200,True,
1705,1788579158.328,231.754,2411.9,200,True,
1706,1788579159.764,233.189,1110.32,200,True,
1707,1788579160.435,233.86,449.45,200,True,
1708,1788579159.743,233.169,1268.76,200,True,
1709,1788579160.101,233.526,1030.26,200,True,
1710,1788579159.44,232.865,1694.55,200,True,
1711,1788579160.74,234.165,457.24,200,True,
1712,1788579160.885,234.31,452.82,200,True,
1713,1788579160.267,233.692,1169.46,200,True,
1714,1788579160.6,234.025,908.55,200,True,
1715,1788579159.875,233.3,1722.9,200,True,
1716,1788579161.012,234.437,750.34,200,True,
1717,1788579161.131,234.556,827.94,200,True,
1718,1788579160.122,233.547,1840.45,200,True,
1719,1788579161.337,234.763,640.82,200,True,
1720,1788579161.134,234.559,979.67,200,True,
1721,1788579160.419,233.844,1707.39,200,True,
1722,1788579161.197,234.623,1094.76,200,True,
1723,1788579161.509,234.934,903.87,200,True,
1724,1788579161.978,235.403,446.15,200,True,
1725,1788579160.445,233.87,1986.74,200,True,
1726,1788579161.959,235.384,560.35,200,True,
1727,1788579161.598,235.023,990.65,200,True,
1728,1788579162.126,235.551,611.86,200,True,
1729,1788579162.114,235.539,700.54,200,True,
1730,1788579162.424,235.85,450.54,200,True,
1731,1788579162.292,235.717,635.99,200,True,
1732,1788579161.962,235.388,1019.56,200,True,
1733,1788579162.589,236.014,459.03,200,True,
1734,1788579160.874,234.299,2275.78,200,True,
1735,1788579162.738,236.163,511.73,200,True,
1736,1788579162.928,236.353,467.34,200,True,
1737,1788579161.437,234.862,1992.29,200,True,
1738,1788579162.432,235.857,1019.47,200,True,
1739,1788579163.048,236.473,500.77,200,True,
1740,1788579162.412,235.838,1167.59,200,True,
1741,1788579162.875,236.3,865.12,200,True,
1742,1788579162.519,235.944,1233.73,200,True,
1743,1788579163.429,236.854,451.67,200,True,
1744,1788579162.814,236.24,1072.58,200,True,
1745,1788579161.763,235.188,2248.19,200,True,
1746,1788579162.982,236.407,1055.38,200,True,
1747,1788579163.58,237.005,470.44,200,True,
1748,1788579163.548,236.974,668.37,200,True,
1749,1788579163.25,236.675,971.56,200,True,
1750,1788579163.881,237.306,693.38,200,True,
1751,1788579163.15,236.575,1577.2,200,True,
1752,1788579163.753,237.178,986.41,200,True,
1753,1788579163.74,237.165,1040.23,200,True,
1754,1788579163.887,237.312,905.37,200,True,
1755,1788579164.037,237.463,906.12,200,True,
1756,1788579164.011,237.436,991.52,200,True,
1757,1788579163.396,236.821,1643.13,200,True,
1758,1788579164.221,237.647,935.19,200,True,
1759,1788579164.727,238.152,679.78,200,True,
1760,1788579164.78,238.205,698.18,200,True,
1761,1788579164.574,237.999,915.2,200,True,
1762,1788579165.002,238.427,531.23,200,True,
1763,1788579164.943,238.369,658.41,200,True,
1764,1788579164.792,238.218,816.89,200,True,
1765,1788579165.039,238.464,752.77,200,True,
1766,1788579163.451,236.877,2357.28,200,True,
1767,1788579165.609,239.035,482.63,200,True,
1768,1788579164.05,237.476,2075.11,200,True,
1769,1788579165.156,238.582,1031.84,200,True,
1770,1788579165.407,238.832,816.8,200,True,
1771,1788579165.791,239.217,498.3,200,True,
1772,1788579165.809,239.234,604.19,200,True,
1773,1788579165.602,239.027,866.22,200,True,
1774,1788579165.533,238.959,1094.13,200,True,
1775,1788579164.217,237.642,2592.57,200,True,
1776,1788579166.188,239.614,621.04,200,True,
1777,1788579166.126,239.551,741.76,200,True,
1778,1788579166.092,239.517,836.22,200,True,
1779,1788579166.468,239.893,501.84,200,True,
1780,1788579164.739,238.165,2377.85,200,True,
1781,1788579166.224,239.649,1019.25,200,True,
1782,1788579166.413,239.838,1145.27,200,True,
1783,1788579165.478,238.904,2321.03,200,True,
1784,1788579165.489,238.914,2715.32,200,True,
1785,1788579166.29,239.715,2231.19,200,True,
